{
  "ID": "c54b36a5-ba57-4b64-850b-bae2b8482f7b",
  "AssemblyNumber": "c5sb36a5-ba57-4b64-850b-bae2b8482f7b",
  "Brand": "Apple",
  "Model": "MacBook Pro",
  "ModelYear": 2011,
  "Status": "New",
  "DeliveryTime": 1.5,
  "ICTDeviceWeight": 1.5,
  "Certification": "EPEAT",
  "Declaration": "EPD",
  "DeclarationDate": 2019,
  "PurchaseCostValue": 1600,
  "CurrentCostValue": 1600,
  "MaintenanceCycled": 0,
  "Support": "Hardware Support",
  "SupportCostValue": 200,
  "OperatingSystem": "MacOS",
  "SecuritySoftware": "MacSafe",
  "WarrantyDuration": 1,
  "Image": "https://store.storeimages.cdn-apple.com/4982/as-images.apple.com/is/mbp14-spacegray-select-202301?wid=904&hei=840&fmt=jpeg&qlt=90&.v=1671304673229",
  "Component": "Display",
  "DisplayResolution": "1920x1080",
  "ScreenSize": 14,
  "GraphicsCardProcessor": "Mac Graphics Card",
  "ClockRate": 200,
  "CameraPixels": 12,
  "Memory": "DDR4",
  "RAMSize": 12,
  "ROMSize": 256,
  "BatteryCapacity": 65,
  "BatteryLifetime": 3,
  "BatteryWeight": 200,
  "CPU": "Inteli5",
  "CPUSeries": "Inteli51235U",
  "CPUSpeed": 6,
  "Sensor": "Fingerprint Sensor",
  "CarbonFootprintUse": 20,
  "CarbonFootprintDistribution": 10,
  "CarbonFootprintErrorRatio": 19,
  "CarbonFootprintEoL": 36,
  "CarbonFootprintManufacturing": 212,
  "CarbonFootprint_kg_Use": 30,
  "CarbonFootprint_kg_Distribution": 20,
  "CarbonFootprint_kg_EoL": 89,
  "CarbonFootprint_kg_Manufacturing": 0,
  "CircularActivityCost": 290,
  "DeviceCarbonFootprint": 299,
  "DeviceCarbonFootprintErrorRatio": 20,
  "EnergyConsumption": 20,
  "EPDAvailability": "yes",
  "SourceHash": "sdnlqbefj99qmnbvdv",
  "EPDSource": "https://ecochain.com/knowledge/environmental-product-declaration-epd-overview/#:~:text=What%20is%20an%20EPD%3F,Life%20Cycle%20Assessment%20(LCA)",
  "EPDDeviceLifetime": 4,
  "EPDDeviceWeight": 1.55,
  "EPDUseLocation": "US",
  "EPDFinalManufacturingLocation": "China",
  "EPDUseEnergyDemand": 29.7,
  "GHGCostProduction": 20,
  "GHGCostUse": 200,
  "CarbonFootprintSource": "https://ecochain.com/knowledge/environmental-product-declaration-epd-overview/#:~:text=What%20is%20an%20EPD%3F,Life%20Cycle%20Assessment%20(LCA)",
  "ProductSpecificationSource": "https://ecochain.com/knowledge/environmental-product-declaration-epd-overview/#:~:text=What%20is%20an%20EPD%3F,Life%20Cycle%20Assessment%20(LCA)",
  "MaterialCompositionSource": "https://www.nature.com/articles/s41597-020-0573-9",
  "MaterialRecyclability": 20,
  "AluminiumWeight": 234.9,
  "CopperWeight": 34.5,
  "SteelWeight": 23.4,
  "PlasticWeight": 290.56,
  "GlassesWeight": 87.9,
  "PCBWeight": 87.9,
  "PlasticsWeight": 87.9,
  "OtherMetalsWeight": 657.9,
  "OtherMaterialsWeight": 657.9,
  "Waste": 299,
  "RecycledContent": 29,
  "CollectionRateValue": 20,
  "EoLRefurbishmentRate": 10,
  "EoLRemanufacturingAluminium": 80,
  "EoLRemanufacturingCopper": 80,
  "EoLRemanufacturingSteel": 80,
  "EoLRemanufacturingBattery": 80,
  "EoLRemanufacturingPCB": 80,
  "EoLRemanufacturingPlastic": 80,
  "EoLRemanufacturingGlasses": 80,
  "EoLRemanufacturingOtherMaterials": 80,
  "EoLRemanufacturingOtherMetals": 80,
  "EoLRecycledCLAluminium": 80,
  "EoLRecycledCLCopper": 80,
  "EoLRecycledCLSteel": 80,
  "EoLRecycledCLBattery": 80,
  "EoLRecycledCLGlasses": 80,
  "EoLRecycledCLPCB": 80,
  "EoLRecycledCLPlastic": 80,
  "EoLRecycledCLOtherMetals": 80,
  "EoLRecycledCLOtherMaterials": 80,
  "EoLRecycledOLAluminium": 80,
  "EoLRecycledOLCopper": 80,
  "EoLRecycledOLSteel": 80,
  "EoLRecycledOLBattery": 80,
  "EoLRecycledOLGlasses": 80,
  "EoLRecycledOLPCB": 80,
  "EoLRecycledOLPlastic": 80,
  "EoLRecycledOLOtherMetals": 80,
  "EoLRecycledOLOtherMaterials": 80,
  "AgentID": "sklwqdlwhi888vdkw",
  "AgentRole": "Manufacturer",
  "AgentEmail": "john.doe@gmail.com",
  "AgentTelephoneNumber": 999970222837,
  "AgentCompany": "Apple"
}