{
  "openapi": "3.0.0",
  "info": {
    "title": "RePlanIT Laptop DPP Endpoints",
    "description": "The API for quering existing laptop DPP from the RePlaniT knowledge graph. This API connects to GraphDB SPARQL endpoint.",
    "contact": {
      "name": "Anelia Kurteva; Carlo van der Valk",
      "email": "a.kurteva@tudelft.nl"
    },
    "version": "1.0.0"
  },
  "servers": [
    {
      "url": "https://virtserver.swaggerhub.com/RePlanIT/RePlanITLaptopDPP/1.0.0",
      "description": "SwaggerHub API Auto Mocking"
    }
  ],
  "paths": {
    "/AllLaptopDPPs&limit=130": {
      "get": {
        "tags": [
          "Laptop DPP"
        ],
        "description": "Returns a laptop's DPP.",
        "parameters": [
          {
            "name": "limit",
            "in": "query",
            "description": "The numbers of laptop DPPs to return",
            "required": false,
            "style": "form",
            "explode": true,
            "schema": {
              "type": "integer"
            }
          }
        ],
        "responses": {
          "200": {
            "description": "Laptop's DPP",
            "content": {
              "application/json": {
                "schema": {
                  "$ref": "#/components/schemas/AllLaptopDPPs"
                }
              }
            }
          },
          "400": {
            "description": "Bad request",
            "content": {
              "application/json": {
                "schema": {
                  "$ref": "#/components/schemas/Error"
                }
              }
            }
          },
          "default": {
            "description": "Unexpected error"
          }
        }
      }
    },
    "/NewLaptopDPP/{id}": {
      "get": {
        "tags": [
          "Laptop DPP"
        ],
        "description": "Returns a new laptop's DPP",
        "parameters": [
          {
            "name": "id",
            "in": "path",
            "description": "Laptop's unique ID",
            "required": true,
            "style": "simple",
            "explode": false,
            "schema": {
              "type": "string",
              "example": "c54b36a5-ba57-4b64-850b-bae2b8482f7b"
            }
          }
        ],
        "responses": {
          "200": {
            "description": "Laptop's DPP",
            "content": {
              "application/json": {
                "schema": {
                  "$ref": "#/components/schemas/NewLaptopDPP"
                }
              }
            }
          },
          "400": {
            "description": "Bad request",
            "content": {
              "application/json": {
                "schema": {
                  "$ref": "#/components/schemas/Error"
                }
              }
            }
          },
          "default": {
            "description": "Unexpected error"
          }
        }
      }
    },
    "/RepairedLaptopDPP/{id}": {
      "get": {
        "tags": [
          "Laptop DPP"
        ],
        "description": "Returns a laptop's DPP.",
        "parameters": [
          {
            "name": "id",
            "in": "path",
            "description": "Laptop's unique ID",
            "required": true,
            "style": "simple",
            "explode": false,
            "schema": {
              "type": "integer",
              "format": "int32"
            }
          }
        ],
        "responses": {
          "200": {
            "description": "Laptop's DPP",
            "content": {
              "application/json": {
                "schema": {
                  "$ref": "#/components/schemas/RepairedLaptopDPP"
                }
              }
            }
          },
          "400": {
            "description": "Bad request",
            "content": {
              "application/json": {
                "schema": {
                  "$ref": "#/components/schemas/Error"
                }
              }
            }
          },
          "default": {
            "description": "Unexpected error"
          }
        }
      }
    },
    "/RefurbishedLaptopDPP/{id}": {
      "get": {
        "tags": [
          "Laptop DPP"
        ],
        "description": "Returns a laptop's DPP.",
        "parameters": [
          {
            "name": "id",
            "in": "path",
            "description": "Laptop's unique ID",
            "required": true,
            "style": "simple",
            "explode": false,
            "schema": {
              "type": "integer",
              "format": "int32"
            }
          }
        ],
        "responses": {
          "200": {
            "description": "Laptop's DPP",
            "content": {
              "application/json": {
                "schema": {
                  "$ref": "#/components/schemas/RefurbishedLaptopDPP"
                }
              }
            }
          },
          "400": {
            "description": "Bad request",
            "content": {
              "application/json": {
                "schema": {
                  "$ref": "#/components/schemas/Error"
                }
              }
            }
          },
          "default": {
            "description": "Unexpected error"
          }
        }
      }
    },
    "/Agent/{id}": {
      "get": {
        "tags": [
          "Agent Information"
        ],
        "description": "Returns information about a specific agent.",
        "parameters": [
          {
            "name": "id",
            "in": "path",
            "description": "Agents's unique ID",
            "required": true,
            "style": "simple",
            "explode": false,
            "schema": {
              "type": "integer"
            }
          }
        ],
        "responses": {
          "200": {
            "description": "Agent Information",
            "content": {
              "application/json": {
                "schema": {
                  "$ref": "#/components/schemas/AgentInformation"
                }
              }
            }
          },
          "400": {
            "description": "Bad request",
            "content": {
              "application/json": {
                "schema": {
                  "$ref": "#/components/schemas/Error"
                }
              }
            }
          },
          "default": {
            "description": "Unexpected error"
          }
        }
      }
    },
    "/Units": {
      "get": {
        "tags": [
          "Measurement Units Information"
        ],
        "description": "Returns information about a specific agent.",
        "parameters": [
          {
            "name": "limit",
            "in": "query",
            "description": "Unit",
            "required": true,
            "style": "form",
            "explode": true,
            "schema": {
              "type": "integer"
            }
          }
        ],
        "responses": {
          "200": {
            "description": "Measurement Units Information",
            "content": {
              "application/json": {
                "schema": {
                  "$ref": "#/components/schemas/MeasurementUnits"
                }
              }
            }
          },
          "400": {
            "description": "Bad request",
            "content": {
              "application/json": {
                "schema": {
                  "$ref": "#/components/schemas/Error"
                }
              }
            }
          },
          "default": {
            "description": "Unexpected error"
          }
        }
      }
    },
    "/LaptopCarbonFootprintManufacturingPerComponent/{id}": {
      "get": {
        "tags": [
          "Laptop Carbon Footprint Manufacturing Per Component"
        ],
        "description": "Returns Laptop's carbon footprint during manufacturing per component",
        "parameters": [
          {
            "name": "id",
            "in": "path",
            "description": "Laptop's unique ID",
            "required": true,
            "style": "simple",
            "explode": false,
            "schema": {
              "type": "string",
              "example": "c54b36a5-ba57-4b64-850b-bae2b8482f7b"
            }
          }
        ],
        "responses": {
          "200": {
            "description": "Laptop Carbon Footprint Manufacturing Per Component",
            "content": {
              "application/json": {
                "schema": {
                  "$ref": "#/components/schemas/LaptopCarbonFootprintManufacturingPerComponent"
                }
              }
            }
          },
          "400": {
            "description": "Bad request",
            "content": {
              "application/json": {
                "schema": {
                  "$ref": "#/components/schemas/Error"
                }
              }
            }
          },
          "default": {
            "description": "Unexpected error"
          }
        }
      }
    }
  },
  "components": {
    "schemas": {
      "AllLaptopDPPs": {
        "type": "object",
        "properties": {
          "Id": {
            "type": "string",
            "example": "c54b36a5-ba57-4b64-850b-bae2b8482f7b"
          },
          "Brand": {
            "type": "string",
            "example": "Apple"
          },
          "Model": {
            "type": "string",
            "example": "MacBook Pro"
          },
          "ModelYear": {
            "type": "integer",
            "example": 2011
          },
          "Status": {
            "type": "string",
            "example": "New"
          },
          "Image": {
            "type": "string",
            "example": "https://support.apple.com/library/content/dam/edam/applecare/images/en_US/macbookpro/macbook-pro-mid-2012-15in-device2.jpg"
          }
        }
      },
      "NewLaptopDPP": {
        "type": "object",
        "properties": {
          "ID": {
            "type": "string",
            "example": "c54b36a5-ba57-4b64-850b-bae2b8482f7b"
          },
          "AssemblyNumber": {
            "type": "string",
            "example": "c5sb36a5-ba57-4b64-850b-bae2b8482f7b"
          },
          "Brand": {
            "type": "string",
            "example": "Apple"
          },
          "Model": {
            "type": "string",
            "example": "MacBook Pro"
          },
          "ModelYear": {
            "type": "integer",
            "example": 2011
          },
          "Status": {
            "type": "string",
            "example": "New"
          },
          "DeliveryTime": {
            "type": "number",
            "example": 1.5
          },
          "ICTDeviceWeight": {
            "type": "number",
            "example": 1.5
          },
          "Certification": {
            "type": "string",
            "example": "EPEAT"
          },
          "Declaration": {
            "type": "string",
            "example": "EPD"
          },
          "DeclarationDate": {
            "type": "integer",
            "example": 2019
          },
          "PurchaseCostValue": {
            "type": "number",
            "example": 1600
          },
          "CurrentCostValue": {
            "type": "number",
            "example": 1600
          },
          "MaintenanceCycled": {
            "type": "number",
            "example": 0
          },
          "Support": {
            "type": "string",
            "example": "Hardware Support"
          },
          "SupportCostValue": {
            "type": "number",
            "example": 200
          },
          "OperatingSystem": {
            "type": "string",
            "example": "MacOS"
          },
          "SecuritySoftware": {
            "type": "string",
            "example": "MacSafe"
          },
          "WarrantyDuration": {
            "type": "number",
            "example": 1
          },
          "Image": {
            "type": "string",
            "example": "https://store.storeimages.cdn-apple.com/4982/as-images.apple.com/is/mbp14-spacegray-select-202301?wid=904&hei=840&fmt=jpeg&qlt=90&.v=1671304673229"
          },
          "Component": {
            "type": "string",
            "example": "Display"
          },
          "DisplayResolution": {
            "type": "string",
            "example": "1920x1080"
          },
          "ScreenSize": {
            "type": "number",
            "example": 14
          },
          "GraphicsCardProcessor": {
            "type": "string",
            "example": "Mac Graphics Card"
          },
          "ClockRate": {
            "type": "number",
            "example": 200
          },
          "CameraPixels": {
            "type": "number",
            "example": 12
          },
          "Memory": {
            "type": "string",
            "example": "DDR4"
          },
          "RAMSize": {
            "type": "integer",
            "example": 12
          },
          "ROMSize": {
            "type": "integer",
            "example": 256
          },
          "BatteryCapacity": {
            "type": "number",
            "example": 65
          },
          "BatteryLifetime": {
            "type": "number",
            "example": 3
          },
          "BatteryWeight": {
            "type": "number",
            "example": 200
          },
          "CPU": {
            "type": "string",
            "example": "Inteli5"
          },
          "CPUSeries": {
            "type": "string",
            "example": "Inteli51235U"
          },
          "CPUSpeed": {
            "type": "number",
            "example": 6
          },
          "Sensor": {
            "type": "string",
            "example": "Fingerprint Sensor"
          },
          "CarbonFootprintUse": {
            "type": "number",
            "example": 20
          },
          "CarbonFootprintDisctribution": {
            "type": "number",
            "example": 10
          },
          "CarbonFootprintErrorRatio": {
            "type": "number",
            "example": 19
          },
          "CarbonFootprintEoL": {
            "type": "number",
            "example": 36
          },
          "CarbonFootprintManufacturinh": {
            "type": "number",
            "example": 212
          },
          "CarbonFootprint_kg_Use": {
            "type": "number",
            "example": 30
          },
          "CarbonFootprint_kg_Disctribution": {
            "type": "number",
            "example": 20
          },
          "CarbonFootprint_kg_EoL": {
            "type": "number",
            "example": 89
          },
          "CarbonFootprint_kg_Manufacturing": {
            "type": "number",
            "example": 0
          },
          "CircularActivityCost": {
            "type": "number",
            "example": 290
          },
          "DeviceCarbonFootprint": {
            "type": "number",
            "example": 299
          },
          "DeviceCarbonFootprintErrorRatio": {
            "type": "number",
            "example": 20
          },
          "EnergyConsumption": {
            "type": "number",
            "example": 20
          },
          "EPDAvailability": {
            "type": "boolean",
            "example": true
          },
          "SourceHash": {
            "type": "string",
            "example": "sdnlqbefj99qmnbvdv"
          },
          "EPDSource": {
            "type": "string",
            "example": "https://ecochain.com/knowledge/environmental-product-declaration-epd-overview/#:~:text=What%20is%20an%20EPD%3F,Life%20Cycle%20Assessment%20(LCA)"
          },
          "EPDDeviceLifetime": {
            "type": "integer",
            "example": 4
          },
          "EPDDeviceWeight": {
            "type": "integer"
          },
          "EPDUseLocation": {
            "type": "string",
            "example": "US"
          },
          "EPDFinalManufacturingLocation": {
            "type": "string",
            "example": "China"
          },
          "EPDUseEnergyDemand": {
            "type": "integer"
          },
          "GHGCostProduction": {
            "type": "integer",
            "example": 20
          },
          "GHGCostUse": {
            "type": "integer",
            "example": 200
          },
          "CarbonFootprintSource": {
            "type": "string",
            "example": "https://ecochain.com/knowledge/environmental-product-declaration-epd-overview/#:~:text=What%20is%20an%20EPD%3F,Life%20Cycle%20Assessment%20(LCA)"
          },
          "ProductSpecificationSource": {
            "type": "string",
            "example": "https://ecochain.com/knowledge/environmental-product-declaration-epd-overview/#:~:text=What%20is%20an%20EPD%3F,Life%20Cycle%20Assessment%20(LCA)"
          },
          "MaterialCompositionSource": {
            "type": "string",
            "example": "https://www.nature.com/articles/s41597-020-0573-9"
          },
          "MaterialRecyclability": {
            "type": "integer",
            "example": 20
          },
          "AlimuniumWeight": {
            "type": "number",
            "example": 234.9
          },
          "CopperWeight": {
            "type": "number",
            "example": 34.5
          },
          "SteelWeight": {
            "type": "number",
            "example": 23.4
          },
          "PlasticWeight": {
            "type": "number",
            "example": 290.56
          },
          "GlassWeight": {
            "type": "number",
            "example": 87.9
          },
          "PCBWeight": {
            "type": "number",
            "example": 87.9
          },
          "PlasticsWeight": {
            "type": "number",
            "example": 87.9
          },
          "OtherMetalsWeight": {
            "type": "number",
            "example": 657.9
          },
          "OtherMaterialsWeight": {
            "type": "number",
            "example": 657.9
          },
          "Waste": {
            "type": "number",
            "example": 299
          },
          "RecycledContent": {
            "type": "number",
            "example": 29
          },
          "CollectionRateValue": {
            "type": "number",
            "example": 20
          },
          "EoLRefurbishmentRate": {
            "type": "number",
            "example": 10
          },
          "EoLRemanufacturingAluminium": {
            "type": "number",
            "example": 80
          },
          "EoLRemanufacturingCopper": {
            "type": "number",
            "example": 80
          },
          "EoLRemanufacturingSteel": {
            "type": "number",
            "example": 80
          },
          "EoLRemanufacturingBattery": {
            "type": "number",
            "example": 80
          },
          "EoLRemanufacturingPCB": {
            "type": "number",
            "example": 80
          },
          "EoLRemanufacturingPlastic": {
            "type": "number",
            "example": 80
          },
          "EoLRemanufacturingGlasses": {
            "type": "number",
            "example": 80
          },
          "EoLRemanufacturingOtherMaterials": {
            "type": "number",
            "example": 80
          },
          "EoLRemanufacturingOtherMetals": {
            "type": "number",
            "example": 80
          },
          "EoLRecycledCLAluminium": {
            "type": "number",
            "example": 80
          },
          "EoLRecycledCLCopper": {
            "type": "number",
            "example": 80
          },
          "EoLRecycledCLSteel": {
            "type": "number",
            "example": 80
          },
          "EoLRecycledCLBattery": {
            "type": "number",
            "example": 80
          },
          "EoLRecycledCLGlasses": {
            "type": "number",
            "example": 80
          },
          "EoLRecycledCLPCB": {
            "type": "number",
            "example": 80
          },
          "EoLRecycledCLPlastics": {
            "type": "number",
            "example": 80
          },
          "EoLRecycledCLOtherMetals": {
            "type": "number",
            "example": 80
          },
          "EoLRecycledCLOtherMaterials": {
            "type": "number",
            "example": 80
          },
          "EoLRecycledOLAluminium": {
            "type": "number",
            "example": 80
          },
          "EoLRecycledOLCopper": {
            "type": "number",
            "example": 80
          },
          "EoLRecycledOLSteel": {
            "type": "number",
            "example": 80
          },
          "EoLRecycledOLBattery": {
            "type": "number",
            "example": 80
          },
          "EoLRecycledOLGlasses": {
            "type": "number",
            "example": 80
          },
          "EoLRecycledOLPCB": {
            "type": "number",
            "example": 80
          },
          "EoLRecycledOLPlastics": {
            "type": "number",
            "example": 80
          },
          "EoLRecycledOLOtherMetals": {
            "type": "number",
            "example": 80
          },
          "EoLRecycledOLOtherMaterials": {
            "type": "number",
            "example": 80
          },
          "AgentID": {
            "type": "string",
            "example": "sklwqdlwhi888vdkw"
          },
          "AgentRole": {
            "type": "string",
            "example": "Manufacturer"
          },
          "AgentEmail": {
            "type": "string",
            "example": "john.doe@gmail.com"
          },
          "AgentTelephoneNumber": {
            "type": "number",
            "example": 999970222837
          },
          "AgentCompany": {
            "type": "string",
            "example": "Apple"
          }
        }
      },
      "RefurbishedLaptopDPP": {
        "type": "object",
        "properties": {
          "ID": {
            "type": "string",
            "example": "c54b36a5-ba57-4b64-850b-bae2b8482f7b"
          },
          "AssemblyNumber": {
            "type": "string",
            "example": "c5sb36a5-ba57-4b64-850b-bae2b8482f7b"
          },
          "Brand": {
            "type": "string",
            "example": "Apple"
          },
          "Model": {
            "type": "string",
            "example": "MacBook Pro"
          },
          "ModelYear": {
            "type": "integer",
            "example": 2011
          },
          "Status": {
            "type": "string",
            "example": "Refurbished"
          },
          "DeliveryTime": {
            "type": "number",
            "example": 1.5
          },
          "ICTDeviceWeight": {
            "type": "number",
            "example": 1.5
          },
          "Certification": {
            "type": "string",
            "example": "EPEAT"
          },
          "Declaration": {
            "type": "string",
            "example": "EPD"
          },
          "DeclarationDate": {
            "type": "integer",
            "example": 2019
          },
          "PurchaseCostValue": {
            "type": "number",
            "example": 1600
          },
          "CurrentCostValue": {
            "type": "number",
            "example": 1600
          },
          "MaintenanceCycled": {
            "type": "number",
            "example": 0
          },
          "Support": {
            "type": "string",
            "example": "Hardware Support"
          },
          "SupportCostValue": {
            "type": "number",
            "example": 200
          },
          "OperatingSystem": {
            "type": "string",
            "example": "MacOS"
          },
          "SecuritySoftware": {
            "type": "string",
            "example": "MacSafe"
          },
          "WarrantyDuration": {
            "type": "number",
            "example": 1
          },
          "Image": {
            "type": "string",
            "example": "https://store.storeimages.cdn-apple.com/4982/as-images.apple.com/is/mbp14-spacegray-select-202301?wid=904&hei=840&fmt=jpeg&qlt=90&.v=1671304673229"
          },
          "Component": {
            "type": "string",
            "example": "Display"
          },
          "DisplayResolution": {
            "type": "string",
            "example": "1920x1080"
          },
          "ScreenSize": {
            "type": "number",
            "example": 14
          },
          "GraphicsCardProcessor": {
            "type": "string",
            "example": "Mac Graphics Card"
          },
          "ClockRate": {
            "type": "number",
            "example": 200
          },
          "CameraPixels": {
            "type": "number",
            "example": 12
          },
          "Memory": {
            "type": "string",
            "example": "DDR4"
          },
          "RAMSize": {
            "type": "integer",
            "example": 12
          },
          "ROMSize": {
            "type": "integer",
            "example": 256
          },
          "BatteryCapacity": {
            "type": "number",
            "example": 65
          },
          "BatteryLifetime": {
            "type": "number",
            "example": 3
          },
          "BatteryWeight": {
            "type": "number",
            "example": 200
          },
          "CPU": {
            "type": "string",
            "example": "Inteli5"
          },
          "CPUSeries": {
            "type": "string",
            "example": "Inteli51235U"
          },
          "CPUSpeed": {
            "type": "number",
            "example": 6
          },
          "Sensor": {
            "type": "string",
            "example": "Fingerprint Sensor"
          },
          "CarbonFootprintUse": {
            "type": "number",
            "example": 20
          },
          "CarbonFootprintDisctribution": {
            "type": "number",
            "example": 10
          },
          "CarbonFootprintErrorRatio": {
            "type": "number",
            "example": 19
          },
          "CarbonFootprintEoL": {
            "type": "number",
            "example": 36
          },
          "CarbonFootprintManufacturinh": {
            "type": "number",
            "example": 212
          },
          "CarbonFootprint_kg_Use": {
            "type": "number",
            "example": 30
          },
          "CarbonFootprint_kg_Disctribution": {
            "type": "number",
            "example": 20
          },
          "CarbonFootprint_kg_EoL": {
            "type": "number",
            "example": 89
          },
          "CarbonFootprint_kg_Manufacturing": {
            "type": "number",
            "example": 0
          },
          "CircularActivityCost": {
            "type": "number",
            "example": 290
          },
          "DeviceCarbonFootprint": {
            "type": "number",
            "example": 299
          },
          "DeviceCarbonFootprintErrorRatio": {
            "type": "number",
            "example": 20
          },
          "EnergyConsumption": {
            "type": "number",
            "example": 20
          },
          "EPDAvailability": {
            "type": "boolean",
            "example": true
          },
          "SourceHash": {
            "type": "string",
            "example": "sdnlqbefj99qmnbvdv"
          },
          "EPDSource": {
            "type": "string",
            "example": "https://ecochain.com/knowledge/environmental-product-declaration-epd-overview/#:~:text=What%20is%20an%20EPD%3F,Life%20Cycle%20Assessment%20(LCA)"
          },
          "EPDDeviceLifetime": {
            "type": "integer",
            "example": 4
          },
          "EPDDeviceWeight": {
            "type": "integer"
          },
          "EPDUseLocation": {
            "type": "string",
            "example": "US"
          },
          "EPDFinalManufacturingLocation": {
            "type": "string",
            "example": "China"
          },
          "EPDUseEnergyDemand": {
            "type": "integer"
          },
          "GHGCostProduction": {
            "type": "integer",
            "example": 20
          },
          "GHGCostUse": {
            "type": "integer",
            "example": 200
          },
          "CarbonFootprintSource": {
            "type": "string",
            "example": "https://ecochain.com/knowledge/environmental-product-declaration-epd-overview/#:~:text=What%20is%20an%20EPD%3F,Life%20Cycle%20Assessment%20(LCA)"
          },
          "ProductSpecificationSource": {
            "type": "string",
            "example": "https://ecochain.com/knowledge/environmental-product-declaration-epd-overview/#:~:text=What%20is%20an%20EPD%3F,Life%20Cycle%20Assessment%20(LCA)"
          },
          "MaterialCompositionSource": {
            "type": "string",
            "example": "https://www.nature.com/articles/s41597-020-0573-9"
          },
          "MaterialRecyclability": {
            "type": "integer",
            "example": 20
          },
          "AlimuniumWeight": {
            "type": "number",
            "example": 234.9
          },
          "CopperWeight": {
            "type": "number",
            "example": 34.5
          },
          "SteelWeight": {
            "type": "number",
            "example": 23.4
          },
          "PlasticWeight": {
            "type": "number",
            "example": 290.56
          },
          "GlassWeight": {
            "type": "number",
            "example": 87.9
          },
          "PCBWeight": {
            "type": "number",
            "example": 87.9
          },
          "PlasticsWeight": {
            "type": "number",
            "example": 87.9
          },
          "OtherMetalsWeight": {
            "type": "number",
            "example": 657.9
          },
          "OtherMaterialsWeight": {
            "type": "number",
            "example": 657.9
          },
          "Waste": {
            "type": "number",
            "example": 299
          },
          "RecycledContent": {
            "type": "number",
            "example": 29
          },
          "CollectionRateValue": {
            "type": "number",
            "example": 20
          },
          "EoLRefurbishmentRate": {
            "type": "number",
            "example": 10
          },
          "EoLRemanufacturingAluminium": {
            "type": "number",
            "example": 80
          },
          "EoLRemanufacturingCopper": {
            "type": "number",
            "example": 80
          },
          "EoLRemanufacturingSteel": {
            "type": "number",
            "example": 80
          },
          "EoLRemanufacturingBattery": {
            "type": "number",
            "example": 80
          },
          "EoLRemanufacturingPCB": {
            "type": "number",
            "example": 80
          },
          "EoLRemanufacturingPlastic": {
            "type": "number",
            "example": 80
          },
          "EoLRemanufacturingGlasses": {
            "type": "number",
            "example": 80
          },
          "EoLRemanufacturingOtherMaterials": {
            "type": "number",
            "example": 80
          },
          "EoLRemanufacturingOtherMetals": {
            "type": "number",
            "example": 80
          },
          "EoLRecycledCLAluminium": {
            "type": "number",
            "example": 80
          },
          "EoLRecycledCLCopper": {
            "type": "number",
            "example": 80
          },
          "EoLRecycledCLSteel": {
            "type": "number",
            "example": 80
          },
          "EoLRecycledCLBattery": {
            "type": "number",
            "example": 80
          },
          "EoLRecycledCLGlasses": {
            "type": "number",
            "example": 80
          },
          "EoLRecycledCLPCB": {
            "type": "number",
            "example": 80
          },
          "EoLRecycledCLPlastics": {
            "type": "number",
            "example": 80
          },
          "EoLRecycledCLOtherMetals": {
            "type": "number",
            "example": 80
          },
          "EoLRecycledCLOtherMaterials": {
            "type": "number",
            "example": 80
          },
          "EoLRecycledOLAluminium": {
            "type": "number",
            "example": 80
          },
          "EoLRecycledOLCopper": {
            "type": "number",
            "example": 80
          },
          "EoLRecycledOLSteel": {
            "type": "number",
            "example": 80
          },
          "EoLRecycledOLBattery": {
            "type": "number",
            "example": 80
          },
          "EoLRecycledOLGlasses": {
            "type": "number",
            "example": 80
          },
          "EoLRecycledOLPCB": {
            "type": "number",
            "example": 80
          },
          "EoLRecycledOLPlastics": {
            "type": "number",
            "example": 80
          },
          "EoLRecycledOLOtherMetals": {
            "type": "number",
            "example": 80
          },
          "EoLRecycledOLOtherMaterials": {
            "type": "number",
            "example": 80
          },
          "CircularStrategyType": {
            "type": "string",
            "example": "Refurbishment"
          },
          "CircularStrategyReason": {
            "type": "string",
            "example": "Keyboard Failure"
          },
          "CircularStrategyStartDate": {
            "type": "string",
            "example": "2022-10-11"
          },
          "CircularStrategyEndDate": {
            "type": "string",
            "example": "2022-10-19"
          },
          "CircularStrategyStatus": {
            "type": "string",
            "example": "Complete"
          },
          "AgentID": {
            "type": "string",
            "example": "sklwqdlwhi888vdkw"
          },
          "AgentRole": {
            "type": "string",
            "example": "Refurbisher"
          },
          "AgentEmail": {
            "type": "string",
            "example": "john.doe@gmail.com"
          },
          "AgentTelephoneNumber": {
            "type": "number",
            "example": 999970222837
          },
          "AgentCompany": {
            "type": "string",
            "example": "Apple"
          }
        }
      },
      "RepairedLaptopDPP": {
        "type": "object",
        "properties": {
          "ID": {
            "type": "string",
            "example": "c54b36a5-ba57-4b64-850b-bae2b8482f7b"
          },
          "AssemblyNumber": {
            "type": "string",
            "example": "c5sb36a5-ba57-4b64-850b-bae2b8482f7b"
          },
          "Brand": {
            "type": "string",
            "example": "Apple"
          },
          "Model": {
            "type": "string",
            "example": "MacBook Pro"
          },
          "ModelYear": {
            "type": "integer",
            "example": 2011
          },
          "Status": {
            "type": "string",
            "example": "Repaired"
          },
          "DeliveryTime": {
            "type": "number",
            "example": 1.5
          },
          "ICTDeviceWeight": {
            "type": "number",
            "example": 1.5
          },
          "Certification": {
            "type": "string",
            "example": "EPEAT"
          },
          "Declaration": {
            "type": "string",
            "example": "EPD"
          },
          "DeclarationDate": {
            "type": "integer",
            "example": 2019
          },
          "PurchaseCostValue": {
            "type": "number",
            "example": 1600
          },
          "CurrentCostValue": {
            "type": "number",
            "example": 1600
          },
          "MaintenanceCycled": {
            "type": "number",
            "example": 0
          },
          "Support": {
            "type": "string",
            "example": "Hardware Support"
          },
          "SupportCostValue": {
            "type": "number",
            "example": 200
          },
          "OperatingSystem": {
            "type": "string",
            "example": "MacOS"
          },
          "SecuritySoftware": {
            "type": "string",
            "example": "MacSafe"
          },
          "WarrantyDuration": {
            "type": "number",
            "example": 1
          },
          "Image": {
            "type": "string",
            "example": "https://store.storeimages.cdn-apple.com/4982/as-images.apple.com/is/mbp14-spacegray-select-202301?wid=904&hei=840&fmt=jpeg&qlt=90&.v=1671304673229"
          },
          "Component": {
            "type": "string",
            "example": "Display"
          },
          "DisplayResolution": {
            "type": "string",
            "example": "1920x1080"
          },
          "ScreenSize": {
            "type": "number",
            "example": 14
          },
          "GraphicsCardProcessor": {
            "type": "string",
            "example": "Mac Graphics Card"
          },
          "ClockRate": {
            "type": "number",
            "example": 200
          },
          "CameraPixels": {
            "type": "number",
            "example": 12
          },
          "Memory": {
            "type": "string",
            "example": "DDR4"
          },
          "RAMSize": {
            "type": "integer",
            "example": 12
          },
          "ROMSize": {
            "type": "integer",
            "example": 256
          },
          "BatteryCapacity": {
            "type": "number",
            "example": 65
          },
          "BatteryLifetime": {
            "type": "number",
            "example": 3
          },
          "BatteryWeight": {
            "type": "number",
            "example": 200
          },
          "CPU": {
            "type": "string",
            "example": "Inteli5"
          },
          "CPUSeries": {
            "type": "string",
            "example": "Inteli51235U"
          },
          "CPUSpeed": {
            "type": "number",
            "example": 6
          },
          "Sensor": {
            "type": "string",
            "example": "Fingerprint Sensor"
          },
          "CarbonFootprintUse": {
            "type": "number",
            "example": 20
          },
          "CarbonFootprintDisctribution": {
            "type": "number",
            "example": 10
          },
          "CarbonFootprintErrorRatio": {
            "type": "number",
            "example": 19
          },
          "CarbonFootprintEoL": {
            "type": "number",
            "example": 36
          },
          "CarbonFootprintManufacturinh": {
            "type": "number",
            "example": 212
          },
          "CarbonFootprint_kg_Use": {
            "type": "number",
            "example": 30
          },
          "CarbonFootprint_kg_Disctribution": {
            "type": "number",
            "example": 20
          },
          "CarbonFootprint_kg_EoL": {
            "type": "number",
            "example": 89
          },
          "CarbonFootprint_kg_Manufacturing": {
            "type": "number",
            "example": 0
          },
          "CircularActivityCost": {
            "type": "number",
            "example": 290
          },
          "DeviceCarbonFootprint": {
            "type": "number",
            "example": 299
          },
          "DeviceCarbonFootprintErrorRatio": {
            "type": "number",
            "example": 20
          },
          "EnergyConsumption": {
            "type": "number",
            "example": 20
          },
          "EPDAvailability": {
            "type": "boolean",
            "example": true
          },
          "SourceHash": {
            "type": "string",
            "example": "sdnlqbefj99qmnbvdv"
          },
          "EPDSource": {
            "type": "string",
            "example": "https://ecochain.com/knowledge/environmental-product-declaration-epd-overview/#:~:text=What%20is%20an%20EPD%3F,Life%20Cycle%20Assessment%20(LCA)"
          },
          "EPDDeviceLifetime": {
            "type": "integer",
            "example": 4
          },
          "EPDDeviceWeight": {
            "type": "integer"
          },
          "EPDUseLocation": {
            "type": "string",
            "example": "US"
          },
          "EPDFinalManufacturingLocation": {
            "type": "string",
            "example": "China"
          },
          "EPDUseEnergyDemand": {
            "type": "integer"
          },
          "GHGCostProduction": {
            "type": "integer",
            "example": 20
          },
          "GHGCostUse": {
            "type": "integer",
            "example": 200
          },
          "CarbonFootprintSource": {
            "type": "string",
            "example": "https://ecochain.com/knowledge/environmental-product-declaration-epd-overview/#:~:text=What%20is%20an%20EPD%3F,Life%20Cycle%20Assessment%20(LCA)"
          },
          "ProductSpecificationSource": {
            "type": "string",
            "example": "https://ecochain.com/knowledge/environmental-product-declaration-epd-overview/#:~:text=What%20is%20an%20EPD%3F,Life%20Cycle%20Assessment%20(LCA)"
          },
          "MaterialCompositionSource": {
            "type": "string",
            "example": "https://www.nature.com/articles/s41597-020-0573-9"
          },
          "MaterialRecyclability": {
            "type": "integer",
            "example": 20
          },
          "AlimuniumWeight": {
            "type": "number",
            "example": 234.9
          },
          "CopperWeight": {
            "type": "number",
            "example": 34.5
          },
          "SteelWeight": {
            "type": "number",
            "example": 23.4
          },
          "PlasticWeight": {
            "type": "number",
            "example": 290.56
          },
          "GlassWeight": {
            "type": "number",
            "example": 87.9
          },
          "PCBWeight": {
            "type": "number",
            "example": 87.9
          },
          "PlasticsWeight": {
            "type": "number",
            "example": 87.9
          },
          "OtherMetalsWeight": {
            "type": "number",
            "example": 657.9
          },
          "OtherMaterialsWeight": {
            "type": "number",
            "example": 657.9
          },
          "Waste": {
            "type": "number",
            "example": 299
          },
          "RecycledContent": {
            "type": "number",
            "example": 29
          },
          "CollectionRateValue": {
            "type": "number",
            "example": 20
          },
          "EoLRefurbishmentRate": {
            "type": "number",
            "example": 10
          },
          "EoLRemanufacturingAluminium": {
            "type": "number",
            "example": 80
          },
          "EoLRemanufacturingCopper": {
            "type": "number",
            "example": 80
          },
          "EoLRemanufacturingSteel": {
            "type": "number",
            "example": 80
          },
          "EoLRemanufacturingBattery": {
            "type": "number",
            "example": 80
          },
          "EoLRemanufacturingPCB": {
            "type": "number",
            "example": 80
          },
          "EoLRemanufacturingPlastic": {
            "type": "number",
            "example": 80
          },
          "EoLRemanufacturingGlasses": {
            "type": "number",
            "example": 80
          },
          "EoLRemanufacturingOtherMaterials": {
            "type": "number",
            "example": 80
          },
          "EoLRemanufacturingOtherMetals": {
            "type": "number",
            "example": 80
          },
          "EoLRecycledCLAluminium": {
            "type": "number",
            "example": 80
          },
          "EoLRecycledCLCopper": {
            "type": "number",
            "example": 80
          },
          "EoLRecycledCLSteel": {
            "type": "number",
            "example": 80
          },
          "EoLRecycledCLBattery": {
            "type": "number",
            "example": 80
          },
          "EoLRecycledCLGlasses": {
            "type": "number",
            "example": 80
          },
          "EoLRecycledCLPCB": {
            "type": "number",
            "example": 80
          },
          "EoLRecycledCLPlastics": {
            "type": "number",
            "example": 80
          },
          "EoLRecycledCLOtherMetals": {
            "type": "number",
            "example": 80
          },
          "EoLRecycledCLOtherMaterials": {
            "type": "number",
            "example": 80
          },
          "EoLRecycledOLAluminium": {
            "type": "number",
            "example": 80
          },
          "EoLRecycledOLCopper": {
            "type": "number",
            "example": 80
          },
          "EoLRecycledOLSteel": {
            "type": "number",
            "example": 80
          },
          "EoLRecycledOLBattery": {
            "type": "number",
            "example": 80
          },
          "EoLRecycledOLGlasses": {
            "type": "number",
            "example": 80
          },
          "EoLRecycledOLPCB": {
            "type": "number",
            "example": 80
          },
          "EoLRecycledOLPlastics": {
            "type": "number",
            "example": 80
          },
          "EoLRecycledOLOtherMetals": {
            "type": "number",
            "example": 80
          },
          "EoLRecycledOLOtherMaterials": {
            "type": "number",
            "example": 80
          },
          "CircularStrategyType": {
            "type": "string",
            "example": "Repair"
          },
          "CircularStrategyReason": {
            "type": "string",
            "example": "Camera Failure"
          },
          "CircularStrategyStartDate": {
            "type": "string",
            "example": "2022-10-17"
          },
          "CircularStrategyEndDate": {
            "type": "string",
            "example": "2022-10-22"
          },
          "CircularStrategyStatus": {
            "type": "string",
            "example": "Complete"
          },
          "AgentID": {
            "type": "string",
            "example": "sklwqdlwhi888vdkw"
          },
          "AgentRole": {
            "type": "string",
            "example": "Refurbisher"
          },
          "AgentEmail": {
            "type": "string",
            "example": "john.doe@gmail.com"
          },
          "AgentTelephoneNumber": {
            "type": "number",
            "example": 999970222837
          },
          "AgentCompany": {
            "type": "string",
            "example": "Apple"
          }
        }
      },
      "AgentInformation": {
        "type": "object",
        "properties": {
          "AgentId": {
            "type": "string",
            "example": "dc3c5b82-0b3b-453c-9462-c19fab310962"
          },
          "isResponsibleFor": {
            "type": "string",
            "example": "ICTDeviceID"
          },
          "Role": {
            "type": "string",
            "example": "Refurbisher"
          },
          "worksFor": {
            "type": "string",
            "example": "AliterNetworks"
          },
          "AgentEmail": {
            "type": "string",
            "example": "jane.doe@gmail.com"
          },
          "AgentTelephoneNumber": {
            "type": "integer",
            "example": 9902093332321
          },
          "ICTDeviceType": {
            "type": "string",
            "example": "Laptop"
          },
          "ICTDeviceBrand": {
            "type": "string",
            "example": "Apple"
          },
          "ICTDeviceModel": {
            "type": "string",
            "example": "MacBookPro"
          }
        }
      },
      "MeasurementUnits": {
        "type": "object",
        "properties": {
          "WarrantyDuration": {
            "type": "string",
            "example": "Year"
          },
          "BatteryCapacity": {
            "type": "string",
            "example": "KW/hr"
          },
          "BatteryLifetime": {
            "type": "string",
            "example": "Hour(s)"
          },
          "BatteryWeight": {
            "type": "string",
            "example": "Gram(s)"
          },
          "CPULoad": {
            "type": "string",
            "example": "Unknown"
          },
          "CPUSpeed": {
            "type": "string",
            "example": "GHz"
          },
          "CameraPixels": {
            "type": "string",
            "example": "Pixels"
          },
          "CarbonFootpringDisctribution": {
            "type": "string",
            "example": "Percent (%)"
          },
          "CarbonFootprintEoL": {
            "type": "string",
            "example": "Percent (%)"
          },
          "CarbonFootprintErrorRatio": {
            "type": "string",
            "example": "Percent (%)"
          },
          "CarbonFootprintManufacturing": {
            "type": "string",
            "example": "Percent (%)"
          },
          "CarbonFootprintUse": {
            "type": "string",
            "example": "Percent (%)"
          },
          "ClockRate": {
            "type": "string",
            "example": "Unknown"
          },
          "EnergyConsumption": {
            "type": "string",
            "example": "KW/hr"
          },
          "ICTDeviceWeight": {
            "type": "string",
            "example": "Killogram(s)"
          },
          "PurchaseCost": {
            "type": "string",
            "example": "Euros"
          },
          "CurrentCost": {
            "type": "string",
            "example": "Euros"
          },
          "ScreenSize": {
            "type": "string",
            "example": "Inch"
          },
          "TrueCost": {
            "type": "string",
            "example": "Euros"
          },
          "DeliveryTime": {
            "type": "string",
            "example": "Day(s)"
          },
          "GreenHouseGassProduction": {
            "type": "string",
            "example": "kgCo2eq"
          },
          "MaterialCircularity": {
            "type": "string",
            "example": "Percent (%)"
          },
          "MaterialWeight": {
            "type": "string",
            "example": "Grams"
          },
          "Memory": {
            "type": "string",
            "example": "Gigabytes (GB)"
          },
          "UseEnergyDemand": {
            "type": "string",
            "example": "KWhr/year"
          },
          "Waste": {
            "type": "string",
            "example": "Killogram(s)"
          },
          "GreenHouseGassCost": {
            "type": "string",
            "example": "Euros"
          },
          "CircularActivityCost": {
            "type": "string",
            "example": "Euros"
          },
          "PackagingCost": {
            "type": "string",
            "example": "Euros"
          },
          "PackagingWeight": {
            "type": "string",
            "example": "Gram(s)"
          },
          "CollectionRate": {
            "type": "string",
            "example": "Unknown"
          },
          "EoLRecycledCL": {
            "type": "string",
            "example": "Unknown"
          },
          "EoLRecycledOL": {
            "type": "string",
            "example": "Unknown"
          },
          "EoLRemanufacturing": {
            "type": "string",
            "example": "Unknown"
          }
        }
      },
      "LaptopCarbonFootprintManufacturingPerComponent": {
        "type": "object",
        "properties": {
          "LaptopID": {
            "type": "string",
            "example": "c54b36a5-ba57-4b64-850b-bae2b8482f7b"
          },
          "ComponentID": {
            "type": "string",
            "example": "c54b36a5-ba57-4b64-850b-bae2b8482flk"
          },
          "ComponentType": {
            "type": "string",
            "example": "Display"
          },
          "CarbonFootprintManufacturing": {
            "type": "number",
            "example": 20
          },
          "hasMeasurementUnit": {
            "type": "string",
            "example": "Percent (%)"
          }
        }
      },
      "Error": {
        "required": [
          "code",
          "message"
        ],
        "type": "object",
        "properties": {
          "code": {
            "type": "string"
          },
          "message": {
            "type": "string"
          }
        }
      }
    }
  }
}